{
  "config": {
    "depths": [
      4,
      50
    ],
    "seed": 0,
    "batch_size": 256,
    "d_in": 784,
    "d_hidden": 256,
    "d_out": 10,
    "dtype": "float32",
    "device": "cpu",
    "warmup": 1,
    "repeats": 3,
    "rss_sample_interval_ms": 1.0
  },
  "comparisons": {
    "4": {
      "modular_full": {
        "max_abs": 1.4901161193847656e-08,
        "max_rel": 2.67603516832603e-07
      },
      "backpack_autodiff_full": {
        "max_abs": 0.0,
        "max_rel": 0.0
      },
      "torch_func_jvp_full": {
        "max_abs": 3.725290298461914e-08,
        "max_rel": 3.5680468911013735e-07
      }
    },
    "50": {
      "modular_full": {
        "max_abs": 1.1175870895385742e-08,
        "max_rel": 1.089614206691733e-06
      },
      "backpack_autodiff_full": {
        "max_abs": 0.0,
        "max_rel": 0.0
      },
      "torch_func_jvp_full": {
        "max_abs": 2.2351741790771484e-08,
        "max_rel": 1.0483501173376273e-06
      }
    }
  },
  "records": [
    {
      "depth": 4,
      "method": "modular_full",
      "mean_time_s": 0.021768683669506572,
      "min_time_s": 0.021002297005907167,
      "max_time_s": 0.023070171002473217,
      "median_peak_rss_bytes": 199213056,
      "peak_rss_bytes": 205971456,
      "median_avg_rss_bytes": 195543449,
      "peak_python_alloc_bytes": 39424,
      "peak_cuda_alloc_bytes": null
    },
    {
      "depth": 4,
      "method": "backpack_autodiff_full",
      "mean_time_s": 0.018296724001023296,
      "min_time_s": 0.016088419004518073,
      "max_time_s": 0.02201282000169158,
      "median_peak_rss_bytes": 244068352,
      "peak_rss_bytes": 248758272,
      "median_avg_rss_bytes": 239004603,
      "peak_python_alloc_bytes": 9155,
      "peak_cuda_alloc_bytes": null
    },
    {
      "depth": 4,
      "method": "torch_func_jvp_full",
      "mean_time_s": 0.017649219002729904,
      "min_time_s": 0.017227986005309504,
      "max_time_s": 0.018418419000227004,
      "median_peak_rss_bytes": 262545408,
      "peak_rss_bytes": 262914048,
      "median_avg_rss_bytes": 257323971,
      "peak_python_alloc_bytes": 31928,
      "peak_cuda_alloc_bytes": null
    },
    {
      "depth": 4,
      "method": "torch_backward",
      "mean_time_s": 0.003204568332876079,
      "min_time_s": 0.0030942140001570806,
      "max_time_s": 0.0033170820024679415,
      "median_peak_rss_bytes": 180355072,
      "peak_rss_bytes": 180412416,
      "median_avg_rss_bytes": 180342784,
      "peak_python_alloc_bytes": 6475,
      "peak_cuda_alloc_bytes": null
    },
    {
      "depth": 50,
      "method": "modular_full",
      "mean_time_s": 0.19650809199811192,
      "min_time_s": 0.19151418899855344,
      "max_time_s": 0.20388871899922378,
      "median_peak_rss_bytes": 383447040,
      "peak_rss_bytes": 451534848,
      "median_avg_rss_bytes": 363932339,
      "peak_python_alloc_bytes": 430598,
      "peak_cuda_alloc_bytes": null
    },
    {
      "depth": 50,
      "method": "backpack_autodiff_full",
      "mean_time_s": 0.18066017133241985,
      "min_time_s": 0.17669188899890287,
      "max_time_s": 0.18768024000019068,
      "median_peak_rss_bytes": 394530816,
      "peak_rss_bytes": 394649600,
      "median_avg_rss_bytes": 337671203,
      "peak_python_alloc_bytes": 67217,
      "peak_cuda_alloc_bytes": null
    },
    {
      "depth": 50,
      "method": "torch_func_jvp_full",
      "mean_time_s": 0.11641422333438338,
      "min_time_s": 0.11468122500082245,
      "max_time_s": 0.11740808500326239,
      "median_peak_rss_bytes": 363970560,
      "peak_rss_bytes": 364183552,
      "median_avg_rss_bytes": 320468754,
      "peak_python_alloc_bytes": 143435,
      "peak_cuda_alloc_bytes": null
    },
    {
      "depth": 50,
      "method": "torch_backward",
      "mean_time_s": 0.02662914433070303,
      "min_time_s": 0.025978174999181647,
      "max_time_s": 0.027671256997564342,
      "median_peak_rss_bytes": 217329664,
      "peak_rss_bytes": 217587712,
      "median_avg_rss_bytes": 213446842,
      "peak_python_alloc_bytes": 46329,
      "peak_cuda_alloc_bytes": null
    }
  ]
}
